Break;SM_velocity;OM_velocity;onset;duration;ITI_duration
0;-100;-98;0;3;0.5
1;100;98.25;3.5;3;0.5
0;40;40.5;7;3;0.5
0;-60;-60.75;10.5;3;0.5
0;-80;-79.5;14;3;0.5
0;-100;-100.75;17.5;3;0.5
0;40;41.75;21;3;0.5
0;-100;-97.75;24.5;3;0.5
0;80;82.25;28;3;0.5
0;-100;-99;31.5;3;0.5
0;-60;-58.25;35;3;0.5
0;60;57.5;38.5;3;0.5
0;-20;-22.25;42;3;0.5
0;-20;-20.25;45.5;3;0.5
0;80;80;49;3;0.5
0;-40;-42;52.5;3;0.5
0;-40;-37.5;56;3;0.5
0;-100;-102.25;59.5;3;0.5
0;80;77.5;63;3;0.5
0;-40;-39.75;66.5;3;0.5
0;100;98.25;70;3;0.5
0;60;61.25;73.5;3;0.5
0;60;58.25;77;3;0.5
0;0;1.75;80.5;3;0.5
0;80;79.5;84;3;0.5
0;-100;-99.5;87.5;3;0.5
0;-60;-58.75;91;3;0.5
0;-20;-19.75;94.5;3;0.5
0;100;98.75;98;3;0.5
0;60;57.5;101.5;3;0.5
0;60;60.25;105;3;0.5
0;40;42.5;108.5;3;0.5
0;-40;-38;112;3;0.5
0;20;18.5;115.5;3;0.5
0;-100;-102.25;119;3;0.5
0;-20;-21.75;122.5;3;0.5
0;-60;-58.5;126;3;0.5
0;20;22.25;129.5;3;0.5
0;-40;-41.25;133;3;0.5
0;20;21;136.5;3;0.5
0;-60;-59;140;3;0.5
0;-60;-60.75;143.5;3;0.5
0;-100;-102.5;147;3;0.5
0;40;39;150.5;3;0.5
0;40;38.25;154;3;0.5
0;40;42;157.5;3;0.5
0;-60;-62.25;161;3;0.5
0;20;19;164.5;3;0.5
0;-100;-98.25;168;3;0.5
0;40;39.5;171.5;3;0.5
0;40;41.5;175;3;0.5
0;-80;-79.75;178.5;3;0.5
0;80;80.5;182;3;0.5
0;-40;-40.5;185.5;3;0.5
0;-60;-61.5;189;3;0.5
0;-40;-41.5;192.5;3;0.5
0;40;41.75;196;3;0.5
0;-100;-97.75;199.5;3;0.5
0;100;98;203;3;0.5
0;-80;-77.5;206.5;3;0.5
0;20;21.5;210;3;0.5
0;20;19.5;213.5;3;0.5
0;60;57.75;217;3;0.5
0;40;41.25;220.5;3;0.5
0;-60;-60;224;3;0.5
0;60;61;227.5;3;0.5
0;60;61.75;231;3;0.5
0;-40;-39.25;234.5;3;0.5
0;60;62;238;3;0.5
0;40;42;241.5;3;0.5
0;80;78.75;245;3;0.5
0;80;77.75;248.5;3;0.5
0;-40;-38.75;252;3;0.5
0;80;78.75;255.5;3;0.5
0;-80;-78;259;3;0.5
0;60;58.25;262.5;3;0.5
0;20;18.25;266;3;0.5
0;100;98.5;269.5;3;0.5
0;60;62.5;273;3;0.5
0;100;100.25;276.5;3;0.5
0;100;102.5;280;3;0.5
0;20;19;283.5;3;0.5
0;40;41.25;287;3;0.5
0;60;59.25;290.5;3;0.5
0;80;78.5;294;3;0.5
0;-80;-81.25;297.5;3;0.5
0;40;40.75;301;3;0.5
0;80;82;304.5;3;0.5
0;80;81.5;308;3;0.5
0;-20;-18.25;311.5;3;0.5
0;-80;-79.75;315;3;0.5
0;-100;-99.25;318.5;3;0.5
0;-60;-62;322;3;0.5
0;-100;-102.5;325.5;3;0.5
0;100;102.25;329;3;0.5
0;-100;-100;332.5;3;0.5
0;-60;-58.25;336;3;0.5
0;20;17.75;339.5;3;0.5
0;40;38;343;3;0.5
0;40;37.5;346.5;3;0.5
0;20;18;350;3;0.5
0;-80;-80.75;353.5;3;0.5
0;80;81.75;357;3;0.5
0;80;78.25;360.5;3;0.5
0;-40;-41;364;3;0.5
0;-80;-81.25;367.5;3;0.5
0;-40;-40;371;3;0.5
0;20;21.25;374.5;3;0.5
0;-40;-37.75;378;3;0.5
0;40;41;381.5;3;0.5
0;-100;-97.5;385;3;0.5
0;-40;-42.5;388.5;3;0.5
0;-60;-61.5;392;3;0.5
0;60;58.25;395.5;3;0.5
0;20;22.25;399;3;0.5
0;-20;-21.25;402.5;3;0.5
0;100;98.75;406;3;0.5
0;-20;-19.25;409.5;3;0.5
0;-80;-78.25;413;3;0.5
0;-60;-61.5;416.5;3;0.5
0;40;42;420;3;0.5
0;-80;-78;423.5;3;0.5
0;-20;-19.25;427;3;0.5
0;-80;-78.75;430.5;3;0.5
0;40;40.25;434;3;0.5
0;-60;-60;437.5;3;0.5
0;60;59.5;441;3;0.5
0;40;42.5;444.5;3;0.5
0;-80;-79.5;448;3;0.5
0;-60;-62.25;451.5;3;0.5
0;-60;-59.25;455;3;0.5
0;60;61.5;458.5;3;0.5
0;60;61.75;462;3;0.5
0;100;99.75;465.5;3;0.5
0;-40;-38.5;469;3;0.5
0;20;18.5;472.5;3;0.5
0;-100;-100.25;476;3;0.5
0;-80;-78.25;479.5;3;0.5
0;40;37.75;483;3;0.5
0;100;97.5;486.5;3;0.5
0;80;77.75;490;3;0.5
0;-100;-99;493.5;3;0.5
0;40;37.75;497;3;0.5
0;100;102;500.5;3;0.5
0;40;37.5;504;3;0.5
0;40;40.25;507.5;3;0.5
0;-80;-78.25;511;3;0.5
0;100;99;514.5;3;0.5
0;80;82.25;518;3;0.5
0;60;60.75;521.5;3;0.5
0;80;80.25;525;3;0.5
0;-100;-97.5;528.5;3;0.5
0;-60;-58.75;532;3;0.5
0;20;19.75;535.5;3;0.5
0;-40;-38.5;539;3;0.5
0;80;78.5;542.5;3;0.5
0;60;61.75;546;3;0.5
0;-100;-99.25;549.5;3;0.5
0;100;98.25;553;3;0.5
0;-80;-77.5;556.5;3;0.5
0;-20;-20.75;560;3;0.5
0;-40;-40;563.5;3;0.5
0;-60;-60.5;567;3;0.5
0;60;59.5;570.5;3;0.5
0;100;101.75;574;3;0.5
0;-60;-61;577.5;3;0.5
0;-60;-62.25;581;3;0.5
0;-60;-61.25;584.5;3;0.5
0;-100;-97.5;588;3;0.5
0;-80;-82.5;591.5;3;0.5
0;20;18.25;595;3;0.5
0;-60;-60;598.5;3;0.5
0;-40;-42.25;602;3;0.5
0;-80;-79.75;605.5;3;0.5
0;-20;-18.5;609;3;0.5
0;20;17.5;612.5;3;0.5
0;20;22;616;3;0.5
0;60;59.25;619.5;3;0.5
0;20;17.5;623;3;0.5
0;20;18.5;626.5;3;0.5
0;-20;-17.75;630;3;0.5
0;-20;-21.25;633.5;3;0.5
0;60;62.25;637;3;0.5
0;80;81;640.5;3;0.5
0;20;22;644;3;0.5
0;-20;-22.25;647.5;3;0.5
0;80;78.75;651;3;0.5
0;-20;-21.25;654.5;3;0.5
0;60;61.25;658;3;0.5
0;-40;-38;661.5;3;0.5
0;80;81.5;665;3;0.5
0;-60;-57.75;668.5;3;0.5
0;-40;-39.75;672;3;0.5
0;20;19.5;675.5;3;0.5
0;-20;-18;679;3;0.5
0;-40;-38.75;682.5;3;0.5
0;-80;-81.75;686;3;0.5
0;-40;-37.5;689.5;3;0.5
0;40;40.75;693;3;0.5
0;100;101.25;696.5;3;0.5
0;20;17.5;700;3;0.5
0;100;98.5;703.5;3;0.5
0;20;19;707;3;0.5
0;-60;-61.75;710.5;3;0.5
0;80;82.5;714;3;0.5
0;-80;-77.5;717.5;3;0.5
0;-60;-61;721;3;0.5
0;-80;-79.25;724.5;3;0.5
0;80;81.25;728;3;0.5
0;-20;-19.5;731.5;3;0.5
0;80;81;735;3;0.5
0;-40;-42.5;738.5;3;0.5
0;-40;-41.75;742;3;0.5
0;-20;-19.25;745.5;3;0.5
0;100;98.75;749;3;0.5
0;-20;-20.5;752.5;3;0.5
0;20;21.25;756;3;0.5
0;-20;-17.5;759.5;3;0.5
0;80;78.5;763;3;0.5
0;100;98.5;766.5;3;0.5
0;-80;-82;770;3;0.5
0;80;78.25;773.5;3;0.5
0;-80;-78.75;777;3;0.5
0;-20;-19.25;780.5;3;0.5
0;40;40;784;3;0.5
0;-100;-99.75;787.5;3;0.5
0;20;20.5;791;3;0.5
0;40;42.5;794.5;3;0.5
0;40;40;798;3;0.5
0;20;20;801.5;3;0.5
0;20;21.75;805;3;0.5
0;-80;-80;808.5;3;0.5
0;-40;-39.75;812;3;0.5
0;80;77.5;815.5;3;0.5
0;80;80.75;819;3;0.5
0;40;38.5;822.5;3;0.5
0;80;80.5;826;3;0.5
0;-40;-41.25;829.5;3;0.5
0;80;81.25;833;3;0.5
0;100;102.5;836.5;3;0.5
0;-80;-80.5;840;3;0.5
0;-40;-38.25;843.5;3;0.5
0;-60;-59;847;3;0.5
0;-20;-22.5;850.5;3;0.5
0;-60;-60;854;3;0.5
0;-40;-40.25;857.5;3;0.5
0;-40;-41.5;861;3;0.5
0;40;42.5;864.5;3;0.5
0;-60;-59.25;868;3;0.5
0;40;39.75;871.5;3;0.5
0;-20;-20.75;875;3;0.5
0;20;21.75;878.5;3;0.5
0;20;20;882;3;0.5
0;-60;-58.75;885.5;3;0.5
0;-40;-40.5;889;3;0.5
0;-80;-81.75;892.5;3;0.5
0;-20;-17.75;896;3;0.5
0;-80;-81;899.5;3;0.5
0;-100;-100.25;903;3;0.5
0;-20;-22;906.5;3;0.5
0;-40;-42.25;910;3;0.5
0;-60;-61;913.5;3;0.5
0;80;82.5;917;3;0.5
0;-40;-39.25;920.5;3;0.5
0;-20;-17.75;924;3;0.5
0;80;81;927.5;3;0.5
0;-60;-60.25;931;3;0.5
0;20;18.5;934.5;3;0.5
0;-40;-39.5;938;3;0.5
0;40;41;941.5;3;0.5
0;-60;-58.25;945;3;0.5
0;80;79.75;948.5;3;0.5
0;60;59.75;952;3;0.5
0;20;17.5;955.5;3;0.5
0;-60;-57.5;959;3;0.5
0;-60;-59.5;962.5;3;0.5
0;-80;-82.25;966;3;0.5
0;-80;-79.5;969.5;3;0.5
0;40;42;973;3;0.5
0;-80;-78;976.5;3;0.5
0;-20;-21.5;980;3;0.5
0;100;102;983.5;3;0.5
0;-40;-42;987;3;0.5
0;-20;-19;990.5;3;0.5
0;40;41.5;994;3;0.5
0;60;58;997.5;3;0.5
0;60;57.5;1001;3;0.5
0;-80;-80;1004.5;3;0.5
0;60;58.75;1008;3;0.5
0;-60;-59;1011.5;3;0.5
0;-80;-79.25;1015;3;0.5
0;-20;-19.75;1018.5;3;0.5
0;-100;-101;1022;3;0.5
0;80;81.25;1025.5;3;0.5
0;-100;-99;1029;3;0.5
0;80;79.5;1032.5;3;0.5
0;40;40.5;1036;3;0.5
0;-100;-100.75;1039.5;3;0.5
0;20;18.75;1043;3;0.5
0;-60;-61.75;1046.5;3;0.5
0;-40;-38;1050;3;0.5
0;100;99.25;1053.5;3;0.5
0;-100;-101.5;1057;3;0.5
0;-20;-21;1060.5;3;0.5
0;40;38;1064;3;0.5
0;80;77.5;1067.5;3;0.5
0;100;97.5;1071;3;0.5
0;-60;-62.25;1074.5;3;0.5
0;40;37.5;1078;3;0.5
0;-80;-82.25;1081.5;3;0.5
0;-40;-38;1085;3;0.5
0;40;39;1088.5;3;0.5
0;100;101.25;1092;3;0.5
0;80;79;1095.5;3;0.5
0;-80;-80.25;1099;3;0.5
0;60;58;1102.5;3;0.5
0;-20;-18;1106;3;0.5
0;-100;-102.25;1109.5;3;0.5
0;-60;-60.25;1113;3;0.5
0;20;18;1116.5;3;0.5
0;-40;-42.5;1120;3;0.5
0;60;62.5;1123.5;3;0.5
0;80;81.5;1127;3;0.5
0;-100;-100;1130.5;3;0.5
0;80;79;1134;3;0.5
0;80;78.75;1137.5;3;0.5
0;-60;-59;1141;3;0.5
0;-20;-18.75;1144.5;3;0.5
0;-80;-80.5;1148;3;0.5
0;40;38.25;1151.5;3;0.5
0;60;58.5;1155;3;0.5
0;80;77.75;1158.5;3;0.5
0;-80;-80;1162;3;0.5
0;100;101.5;1165.5;3;0.5
0;80;82.25;1169;3;0.5
0;-80;-80.25;1172.5;3;0.5
0;-40;-38.25;1176;3;0.5
0;80;80;1179.5;3;0.5
0;-80;-81.25;1183;3;0.5
0;20;19.5;1186.5;3;0.5
0;40;38.25;1190;3;0.5
0;20;19.75;1193.5;3;0.5
0;-40;-42.25;1197;3;0.5
0;-100;-101.75;1200.5;3;0.5
0;-20;-18.75;1204;3;0.5
0;-60;-62;1207.5;3;0.5
0;-100;-99.5;1211;3;0.5
0;-80;-78;1214.5;3;0.5
0;40;37.5;1218;3;0.5
0;100;102.5;1221.5;3;0.5
0;80;82.5;1225;3;0.5
0;40;37.5;1228.5;3;0.5
0;60;57.75;1232;3;0.5
0;-100;-99.25;1235.5;3;0.5
0;60;59.5;1239;3;0.5
0;-20;-22.5;1242.5;3;0.5
0;-40;-41;1246;3;0.5
0;80;80.75;1249.5;3;0.5
0;-100;-98.5;1253;3;0.5
0;40;39.75;1256.5;3;0.5
0;-40;-39;1260;3;0.5
0;-80;-79;1263.5;3;0.5
0;20;18.5;1267;3;0.5
0;-60;-62.25;1270.5;3;0.5
0;60;61.5;1274;3;0.5
0;-40;-42.5;1277.5;3;0.5
0;100;101.25;1281;3;0.5
0;-40;-41.75;1284.5;3;0.5
0;-40;-41.25;1288;3;0.5
0;100;99.25;1291.5;3;0.5
0;-20;-22;1295;3;0.5
0;20;21.5;1298.5;3;0.5
0;-100;-98.75;1302;3;0.5
0;60;61.25;1305.5;3;0.5
0;40;37.75;1309;3;0.5
0;-60;-61;1312.5;3;0.5
0;40;38.25;1316;3;0.5
0;40;38;1319.5;3;0.5
0;-40;-39;1323;3;0.5
0;-20;-19.25;1326.5;3;0.5
0;-40;-39;1330;3;0.5
0;-80;-82;1333.5;3;0.5
0;80;79.75;1337;3;0.5
0;-60;-58.25;1340.5;3;0.5
0;-100;-99.75;1344;3;0.5
0;60;59;1347.5;3;0.5
0;40;39.5;1351;3;0.5
0;-80;-82;1354.5;3;0.5
0;-40;-41.75;1358;3;0.5
0;-100;-99.25;1361.5;3;0.5
0;-20;-22.5;1365;3;0.5
0;100;97.75;1368.5;3;0.5
0;-100;-97.75;1372;3;0.5
0;60;62.5;1375.5;3;0.5
0;100;101.75;1379;3;0.5
0;80;81.25;1382.5;3;0.5
0;100;100;1386;3;0.5
0;-40;-37.5;1389.5;3;0.5
0;80;81.5;1393;3;0.5
0;-100;-102.5;1396.5;3;0.5
0;80;79.25;1400;3;0.5
0;-60;-61.75;1403.5;3;0.5
0;-100;-101.25;1407;3;0.5
0;-60;-60.75;1410.5;3;0.5
0;-20;-21.5;1414;3;0.5
0;80;80.5;1417.5;3;0.5
0;20;22.5;1421;3;0.5
0;-100;-101.25;1424.5;3;0.5
0;-40;-38;1428;3;0.5
0;100;101;1431.5;3;0.5
0;-40;-38.75;1435;3;0.5
0;60;59.75;1438.5;3;0.5
0;80;80;1442;3;0.5
0;100;100.75;1445.5;3;0.5
0;-100;-99.5;1449;3;0.5
0;-40;-41.75;1452.5;3;0.5
0;-60;-59.75;1456;3;0.5
0;-80;-80.5;1459.5;3;0.5
0;20;19.25;1463;3;0.5
0;-60;-61.75;1466.5;3;0.5
0;20;22.5;1470;3;0.5
0;-80;-78.75;1473.5;3;0.5
0;-100;-98;1477;3;0.5
0;-60;-58.5;1480.5;3;0.5
0;-100;-99.75;1484;3;0.5
0;-80;-77.5;1487.5;3;0.5
0;-20;-20.25;1491;3;0.5
0;-20;-22;1494.5;3;0.5
0;-80;-78.5;1498;3;0.5
0;-20;-21.5;1501.5;3;0.5
0;40;41;1505;3;0.5
0;-80;-80.75;1508.5;3;0.5
0;100;100.25;1512;3;0.5
0;40;38;1515.5;3;0.5
0;60;60.5;1519;3;0.5
0;-20;-17.5;1522.5;3;0.5
0;20;19.5;1526;3;0.5
0;80;78;1529.5;3;0.5
0;80;79.75;1533;3;0.5
0;-80;-77.75;1536.5;3;0.5
0;-20;-17.5;1540;3;0.5
0;-60;-58;1543.5;3;0.5
0;20;20.25;1547;3;0.5
0;-40;-38.5;1550.5;3;0.5
0;20;21.5;1554;3;0.5
0;-100;-98.75;1557.5;3;0.5
0;80;78.25;1561;3;0.5
0;-20;-17.75;1564.5;3;0.5
0;40;38.75;1568;3;0.5
0;20;19.75;1571.5;3;0.5
0;20;19.25;1575;3;0.5
0;60;61.75;1578.5;3;0.5
0;100;98.75;1582;3;0.5
0;-80;-80.25;1585.5;3;0.5
0;-60;-62.5;1589;3;0.5
0;-60;-61.5;1592.5;3;0.5
0;-40;-38.25;1596;3;0.5
0;40;38.5;1599.5;3;0.5
0;60;60.75;1603;3;0.5
0;-60;-62.5;1606.5;3;0.5
0;40;39.5;1610;3;0.5
0;20;21.5;1613.5;3;0.5
0;40;38.25;1617;3;0.5
0;-80;-81.75;1620.5;3;0.5
0;-40;-39.25;1624;3;0.5
0;20;18.75;1627.5;3;0.5
0;-80;-78.25;1631;3;0.5
0;-40;-39.25;1634.5;3;0.5
0;-100;-98.75;1638;3;0.5
0;80;78;1641.5;3;0.5
0;-40;-39.75;1645;3;0.5
0;20;22.5;1648.5;3;0.5
0;100;100.75;1652;3;0.5
0;40;40;1655.5;3;0.5
0;80;79;1659;3;0.5
0;40;42.25;1662.5;3;0.5
0;100;99.75;1666;3;0.5
0;40;39.25;1669.5;3;0.5
0;-20;-21.75;1673;3;0.5
0;60;59;1676.5;3;0.5
0;-100;-98.25;1680;3;0.5
0;-20;-17.5;1683.5;3;0.5
0;20;18.5;1687;3;0.5
0;-40;-42;1690.5;3;0.5
0;20;18.75;1694;3;0.5
0;-80;-81;1697.5;3;0.5
0;60;61.75;1701;3;0.5
0;20;21;1704.5;3;0.5
0;-80;-78;1708;3;0.5
0;-20;-19.75;1711.5;3;0.5
0;-20;-20.5;1715;3;0.5
0;80;81;1718.5;3;0.5
0;40;40.75;1722;3;0.5
0;60;58.25;1725.5;3;0.5
0;60;61.5;1729;3;0.5
0;-60;-62.5;1732.5;3;0.5
0;-100;-98;1736;3;0.5
0;-60;-62;1739.5;3;0.5
0;-20;-22.25;1743;3;0.5
0;80;79.25;1746.5;3;0.5
0;-80;-82.25;1750;3;0.5
0;100;99;1753.5;3;0.5
0;-20;-21;1757;3;0.5
0;-40;-38.75;1760.5;3;0.5
0;-100;-102.5;1764;3;0.5
0;80;82;1767.5;3;0.5
0;100;99;1771;3;0.5
0;40;41.75;1774.5;3;0.5
0;20;21.5;1778;3;0.5
0;-100;-98.25;1781.5;3;0.5
0;-20;-18;1785;3;0.5
0;-40;-38.5;1788.5;3;0.5
0;-100;-102.5;1792;3;0.5
0;40;41;1795.5;3;0.5
0;60;61.5;1799;3;0.5
0;-60;-59;1802.5;3;0.5
0;-100;-98.75;1806;3;0.5
0;-100;-100.5;1809.5;3;0.5
0;100;97.5;1813;3;0.5
0;100;99.75;1816.5;3;0.5
0;-100;-98;1820;3;0.5
0;80;80.5;1823.5;3;0.5
0;40;41.75;1827;3;0.5
0;-40;-41;1830.5;3;0.5
0;-80;-80.25;1834;3;0.5
0;20;19.25;1837.5;3;0.5
0;-100;-100.5;1841;3;0.5
0;100;100.5;1844.5;3;0.5
0;-60;-58;1848;3;0.5
0;80;78;1851.5;3;0.5
0;80;81.75;1855;3;0.5
0;100;100.75;1858.5;3;0.5
0;80;80.5;1862;3;0.5
0;-20;-18.25;1865.5;3;0.5
0;-20;-18.25;1869;3;0.5
0;40;37.75;1872.5;3;0.5
0;-80;-79.75;1876;3;0.5
0;60;60.75;1879.5;3;0.5
0;20;21;1883;3;0.5
0;40;41.5;1886.5;3;0.5
0;100;101;1890;3;0.5
0;40;40;1893.5;3;0.5
0;80;82;1897;3;0.5
0;-100;-99.25;1900.5;3;0.5
0;-80;-82.5;1904;3;0.5
0;20;22.25;1907.5;3;0.5
0;-40;-40.25;1911;3;0.5
0;40;37.75;1914.5;3;0.5
0;-60;-59.5;1918;3;0.5
0;-60;-61;1921.5;3;0.5
0;100;100.5;1925;3;0.5
0;80;77.5;1928.5;3;0.5
0;20;20;1932;3;0.5
0;60;58;1935.5;3;0.5
0;40;42;1939;3;0.5
0;20;19;1942.5;3;0.5
0;60;58.75;1946;3;0.5
0;-80;-77.75;1949.5;3;0.5
0;-40;-39.5;1953;3;0.5
0;80;81;1956.5;3;0.5
0;100;99.5;1960;3;0.5
0;-20;-20;1963.5;3;0.5
0;60;59;1967;3;0.5
0;-80;-81.25;1970.5;3;0.5
0;80;80.25;1974;3;0.5
0;40;39.25;1977.5;3;0.5
0;60;58;1981;3;0.5
0;-60;-62;1984.5;3;0.5
0;40;37.75;1988;3;0.5
0;100;100.5;1991.5;3;0.5
0;100;99;1995;3;0.5
0;-40;-39.75;1998.5;3;0.5
0;-40;-40;2002;3;0.5
0;20;17.5;2005.5;3;0.5
0;100;101.25;2009;3;0.5
0;-20;-17.75;2012.5;3;0.5
0;-80;-80;2016;3;0.5
0;20;20.75;2019.5;3;0.5
0;-40;-39.5;2023;3;0.5
0;20;19.5;2026.5;3;0.5
0;40;38.75;2030;3;0.5
0;-100;-99.5;2033.5;3;0.5
0;-80;-79.75;2037;3;0.5
0;-60;-57.5;2040.5;3;0.5
0;-20;-22;2044;3;0.5
0;20;20;2047.5;3;0.5
0;60;58.5;2051;3;0.5
0;40;39.25;2054.5;3;0.5
0;60;60.75;2058;3;0.5
0;60;62.25;2061.5;3;0.5
0;-40;-41.5;2065;3;0.5
0;80;79.75;2068.5;3;0.5
0;100;100.25;2072;3;0.5
0;20;20.5;2075.5;3;0.5
0;100;100.25;2079;3;0.5
0;60;58.5;2082.5;3;0.5
0;-60;-60.25;2086;3;0.5
0;100;98;2089.5;3;0.5
0;40;42.25;2093;3;0.5
0;40;39.5;2096.5;3;0.5
0;-40;-37.75;2100;3;0.5
0;20;20.75;2103.5;3;0.5
0;-40;-41;2107;3;0.5
0;60;62;2110.5;3;0.5
0;-100;-102;2114;3;0.5
0;-100;-100.25;2117.5;3;0.5
0;60;58.75;2121;3;0.5
0;-100;-97.5;2124.5;3;0.5
0;-100;-100.75;2128;3;0.5
0;-20;-21;2131.5;3;0.5
0;40;39.75;2135;3;0.5
0;-60;-58.5;2138.5;3;0.5
0;40;41.25;2142;3;0.5
0;-20;-22;2145.5;3;0.5
0;40;42.5;2149;3;0.5
0;60;60;2152.5;3;0.5
0;-80;-80.75;2156;3;0.5
0;-20;-18.75;2159.5;3;0.5
0;-100;-101.75;2163;3;0.5
0;60;59;2166.5;3;0.5
0;20;22;2170;3;0.5
0;-20;-18.75;2173.5;3;0.5
0;-20;-21;2177;3;0.5
0;80;82.5;2180.5;3;0.5
0;-100;-98.5;2184;3;0.5
0;80;82.5;2187.5;3;0.5
0;100;100.5;2191;3;0.5
0;60;59.75;2194.5;3;0.5
0;100;98;2198;3;0.5
0;20;19.25;2201.5;3;0.5
0;-100;-101.5;2205;3;0.5
0;20;21.75;2208.5;3;0.5
0;-20;-18.5;2212;3;0.5
0;20;21.25;2215.5;3;0.5
0;100;102;2219;3;0.5
0;80;79.25;2222.5;3;0.5
0;-100;-102.25;2226;3;0.5
0;80;81.5;2229.5;3;0.5
0;-60;-59.5;2233;3;0.5
0;-20;-22.5;2236.5;3;0.5
0;40;40.25;2240;3;0.5
0;-20;-19;2243.5;3;0.5
0;100;100;2247;3;0.5
0;80;78;2250.5;3;0.5
0;-60;-59.25;2254;3;0.5
0;-80;-80.25;2257.5;3;0.5
0;-60;-61.25;2261;3;0.5
0;-100;-100.25;2264.5;3;0.5
0;-80;-78.75;2268;3;0.5
0;40;38.5;2271.5;3;0.5
0;-60;-60.5;2275;3;0.5
0;20;22;2278.5;3;0.5
0;-60;-58.25;2282;3;0.5
0;80;79.75;2285.5;3;0.5
0;60;60.5;2289;3;0.5
0;-60;-59;2292.5;3;0.5
0;80;80.25;2296;3;0.5
0;40;41.75;2299.5;3;0.5
0;-20;-19.25;2303;3;0.5
0;-100;-98.25;2306.5;3;0.5
0;20;19.75;2310;3;0.5
0;-40;-39.25;2313.5;3;0.5
0;20;21.5;2317;3;0.5
0;20;17.5;2320.5;3;0.5
0;60;59.75;2324;3;0.5
0;20;22;2327.5;3;0.5
0;60;60;2331;3;0.5
0;100;101;2334.5;3;0.5
0;20;18.75;2338;3;0.5
0;100;99.75;2341.5;3;0.5
0;-60;-58;2345;3;0.5
0;-80;-82.5;2348.5;3;0.5
0;-20;-18.75;2352;3;0.5
0;-80;-78.5;2355.5;3;0.5
0;-40;-39;2359;3;0.5
0;-100;-101;2362.5;3;0.5
0;-20;-18.75;2366;3;0.5
0;20;19.75;2369.5;3;0.5
0;100;102;2373;3;0.5
0;80;81;2376.5;3;0.5
0;80;80;2380;3;0.5
0;80;79;2383.5;3;0.5
0;-80;-81.5;2387;3;0.5
0;20;20;2390.5;3;0.5
0;-80;-81.75;2394;3;0.5
0;-100;-100.75;2397.5;3;0.5
0;-20;-20.25;2401;3;0.5
0;100;100.75;2404.5;3;0.5
0;20;20.25;2408;3;0.5
0;-80;-81;2411.5;3;0.5
0;-100;-98.5;2415;3;0.5
0;-60;-59.5;2418.5;3;0.5
0;100;101.75;2422;3;0.5
0;60;60.5;2425.5;3;0.5
0;60;60;2429;3;0.5
0;60;62.25;2432.5;3;0.5
0;-40;-42.25;2436;3;0.5
0;-100;-98.5;2439.5;3;0.5
0;-80;-82.25;2443;3;0.5
0;20;22.25;2446.5;3;0.5
0;-40;-40.25;2450;3;0.5
0;20;20.75;2453.5;3;0.5
0;80;80.25;2457;3;0.5
0;20;18.25;2460.5;3;0.5
0;-100;-100;2464;3;0.5
0;-80;-79.5;2467.5;3;0.5
0;-40;-40.25;2471;3;0.5
0;-60;-60.75;2474.5;3;0.5
0;100;98.5;2478;3;0.5
0;80;77.5;2481.5;3;0.5
0;-60;-62.5;2485;3;0.5
0;-60;-58;2488.5;3;0.5
0;100;99.5;2492;3;0.5
0;-20;-19.75;2495.5;3;0.5
0;80;78.25;2499;3;0.5
0;40;39.25;2502.5;3;0.5
0;-80;-81.25;2506;3;0.5
0;-80;-79.25;2509.5;3;0.5
0;20;18;2513;3;0.5
0;100;102.25;2516.5;3;0.5
0;-100;-102;2520;3;0.5
0;100;100.75;2523.5;3;0.5
0;80;78.5;2527;3;0.5
0;-60;-60.25;2530.5;3;0.5
0;-100;-101.25;2534;3;0.5
0;-40;-39.5;2537.5;3;0.5
0;-80;-82;2541;3;0.5
0;100;99.25;2544.5;3;0.5
0;60;59;2548;3;0.5
0;-40;-40;2551.5;3;0.5
0;60;59.25;2555;3;0.5
0;-20;-22.5;2558.5;3;0.5
0;100;101;2562;3;0.5
0;-40;-37.75;2565.5;3;0.5
0;-40;-40.75;2569;3;0.5
0;20;21;2572.5;3;0.5
0;100;100;2576;3;0.5
0;60;60.5;2579.5;3;0.5
0;80;82;2583;3;0.5
0;100;97.75;2586.5;3;0.5
0;-60;-60;2590;3;0.5
0;-60;-61.25;2593.5;3;0.5
0;-80;-81.75;2597;3;0.5
0;60;58;2600.5;3;0.5
0;-20;-18;2604;3;0.5
0;80;81.75;2607.5;3;0.5
0;60;59.25;2611;3;0.5
0;-20;-20.25;2614.5;3;0.5
0;20;18.75;2618;3;0.5
0;-80;-82.5;2621.5;3;0.5
0;-20;-21.25;2625;3;0.5
0;60;60.5;2628.5;3;0.5
0;-100;-100.75;2632;3;0.5
0;100;100;2635.5;3;0.5
0;20;21.25;2639;3;0.5
0;-80;-80.5;2642.5;3;0.5
0;-40;-41.5;2646;3;0.5
0;-100;-102.5;2649.5;3;0.5
0;-60;-58.5;2653;3;0.5
0;60;57.75;2656.5;3;0.5
0;20;20.25;2660;3;0.5
0;-80;-81.5;2663.5;3;0.5
0;40;41.5;2667;3;0.5
0;100;99.25;2670.5;3;0.5
0;-60;-59.5;2674;3;0.5
0;20;20.5;2677.5;3;0.5
0;80;80.75;2681;3;0.5
0;60;59.25;2684.5;3;0.5
0;-40;-42.5;2688;3;0.5
0;-80;-79;2691.5;3;0.5
0;-40;-37.5;2695;3;0.5
0;80;81.5;2698.5;3;0.5
0;-40;-41;2702;3;0.5
0;-100;-99.75;2705.5;3;0.5
0;100;100;2709;3;0.5
0;-100;-101;2712.5;3;0.5
0;60;61.25;2716;3;0.5
0;60;57.75;2719.5;3;0.5
0;-40;-37.75;2723;3;0.5
0;-40;-41.5;2726.5;3;0.5
0;-100;-97.5;2730;3;0.5
0;-80;-78.5;2733.5;3;0.5
0;100;99.75;2737;3;0.5
0;-40;-40.75;2740.5;3;0.5
0;40;40.25;2744;3;0.5
0;-40;-41.25;2747.5;3;0.5
0;-80;-81.5;2751;3;0.5
0;100;98.25;2754.5;3;0.5
0;-100;-101.25;2758;3;0.5
0;20;20;2761.5;3;0.5
0;80;79.25;2765;3;0.5
0;80;82.25;2768.5;3;0.5
0;60;58.75;2772;3;0.5
0;-40;-39.75;2775.5;3;0.5
0;20;22.25;2779;3;0.5
0;60;59.5;2782.5;3;0.5
0;-60;-60.25;2786;3;0.5
0;60;60.75;2789.5;3;0.5
0;100;102.5;2793;3;0.5
0;-60;-61.25;2796.5;3;0.5
0;-40;-40.5;2800;3;0.5
0;100;99.5;2803.5;3;0.5
0;40;42.5;2807;3;0.5
0;-80;-78.75;2810.5;3;0.5
0;-40;-40;2814;3;0.5
0;-60;-61.75;2817.5;3;0.5
0;-80;-78.5;2821;3;0.5
0;-100;-99.25;2824.5;3;0.5
0;-80;-79.75;2828;3;0.5
0;-40;-38.25;2831.5;3;0.5
0;-60;-61.5;2835;3;0.5
0;60;58.75;2838.5;3;0.5
0;-20;-19;2842;3;0.5
0;-100;-99;2845.5;3;0.5
0;100;101.5;2849;3;0.5
0;20;20.75;2852.5;3;0.5
0;100;97.5;2856;3;0.5
0;20;19;2859.5;3;0.5
0;-80;-81.25;2863;3;0.5
0;-60;-57.75;2866.5;3;0.5
0;20;17.75;2870;3;0.5
0;-100;-101.5;2873.5;3;0.5
0;-60;-59.25;2877;3;0.5
0;-60;-60.5;2880.5;3;0.5
0;100;99.75;2884;3;0.5
0;20;21.25;2887.5;3;0.5
0;-100;-100.25;2891;3;0.5
0;-20;-18;2894.5;3;0.5
0;60;58.25;2898;3;0.5
0;-20;-22.25;2901.5;3;0.5
0;-100;-100.5;2905;3;0.5
0;100;100.25;2908.5;3;0.5
0;80;81.25;2912;3;0.5
0;40;40.5;2915.5;3;0.5
0;80;77.75;2919;3;0.5
0;-80;-81.75;2922.5;3;0.5
0;60;61;2926;3;0.5
0;-20;-19;2929.5;3;0.5
0;-20;-21.5;2933;3;0.5
0;40;39;2936.5;3;0.5
0;80;80;2940;3;0.5
0;-100;-100;2943.5;3;0.5
0;-20;-18.5;2947;3;0.5
0;40;40.75;2950.5;3;0.5
0;-100;-97.5;2954;3;0.5
0;40;39;2957.5;3;0.5
0;100;98.25;2961;3;0.5
0;-20;-20.75;2964.5;3;0.5
0;40;42;2968;3;0.5
0;60;60;2971.5;3;0.5
0;100;98.5;2975;3;0.5
0;60;59.5;2978.5;3;0.5
0;100;98.5;2982;3;0.5
0;20;19.25;2985.5;3;0.5
0;-20;-18.25;2989;3;0.5
0;40;38.5;2992.5;3;0.5
0;40;41.25;2996;3;0.5
0;-100;-102;2999.5;3;0.5
0;40;39.25;3003;3;0.5
0;-40;-41.25;3006.5;3;0.5
0;100;101;3010;3;0.5
0;-60;-59.75;3013.5;3;0.5
0;-80;-80.5;3017;3;0.5
0;-80;-82;3020.5;3;0.5
0;80;81.25;3024;3;0.5
0;-20;-21;3027.5;3;0.5
0;60;60.75;3031;3;0.5
0;40;39;3034.5;3;0.5
0;-20;-20.5;3038;3;0.5
0;-100;-100.25;3041.5;3;0.5
0;-100;-99.5;3045;3;0.5
0;-80;-79;3048.5;3;0.5
0;100;97.5;3052;3;0.5
0;40;40.25;3055.5;3;0.5
0;-80;-77.5;3059;3;0.5
0;-20;-18.5;3062.5;3;0.5
0;-100;-102;3066;3;0.5
0;-80;-79.25;3069.5;3;0.5
0;60;60.25;3073;3;0.5
0;40;41;3076.5;3;0.5
0;-80;-81;3080;3;0.5
0;-100;-98;3083.5;3;0.5
0;80;80.75;3087;3;0.5
0;100;102.25;3090.5;3;0.5
0;-60;-58.75;3094;3;0.5
0;20;17.75;3097.5;3;0.5
0;60;62;3101;3;0.5
0;80;79.5;3104.5;3;0.5
0;-60;-60.5;3108;3;0.5
0;40;38.75;3111.5;3;0.5
0;-80;-81.5;3115;3;0.5
0;20;19.5;3118.5;3;0.5
0;-20;-22.5;3122;3;0.5
0;-100;-97.75;3125.5;3;0.5
0;-60;-61.5;3129;3;0.5
0;-60;-61.25;3132.5;3;0.5
0;-20;-17.75;3136;3;0.5
0;100;99.5;3139.5;3;0.5
0;-20;-22.25;3143;3;0.5
0;40;40.75;3146.5;3;0.5
0;100;100.5;3150;3;0.5
0;-40;-42;3153.5;3;0.5
0;80;82.5;3157;3;0.5
0;40;37.5;3160.5;3;0.5
0;-20;-17.5;3164;3;0.5
0;-40;-40.5;3167.5;3;0.5
0;20;20.5;3171;3;0.5
0;60;59.5;3174.5;3;0.5
0;80;77.5;3178;3;0.5
0;40;38.75;3181.5;3;0.5
0;-40;-40.25;3185;3;0.5
0;-100;-101.75;3188.5;3;0.5
0;60;61.5;3192;3;0.5
0;-100;-101;3195.5;3;0.5
0;60;62.25;3199;3;0.5
0;-80;-80.75;3202.5;3;0.5
0;100;102.25;3206;3;0.5
0;100;102.5;3209.5;3;0.5
0;-60;-59.5;3213;3;0.5
0;-60;-59.75;3216.5;3;0.5
0;60;61.5;3220;3;0.5
0;100;101.5;3223.5;3;0.5
0;-40;-42.25;3227;3;0.5
0;60;58.75;3230.5;3;0.5
0;40;41;3234;3;0.5
0;-20;-21.75;3237.5;3;0.5
0;40;40.25;3241;3;0.5
0;-40;-39;3244.5;3;0.5
0;-20;-20.25;3248;3;0.5
0;60;57.75;3251.5;3;0.5
0;100;102.5;3255;3;0.5
0;-60;-58.75;3258.5;3;0.5
0;40;38.75;3262;3;0.5
0;20;18;3265.5;3;0.5
0;-40;-42.5;3269;3;0.5
0;60;62.25;3272.5;3;0.5
0;80;79.25;3276;3;0.5
0;60;61.25;3279.5;3;0.5
0;40;38;3283;3;0.5
0;80;78.75;3286.5;3;0.5
0;80;81.75;3290;3;0.5
0;60;57.5;3293.5;3;0.5
0;-100;-97.75;3297;3;0.5
0;-60;-62.5;3300.5;3;0.5
0;80;79;3304;3;0.5
0;80;77.75;3307.5;3;0.5
0;-80;-78.75;3311;3;0.5
0;40;40.5;3314.5;3;0.5
0;100;99;3318;3;0.5
0;-40;-40.5;3321.5;3;0.5
0;80;79.5;3325;3;0.5
0;40;41.25;3328.5;3;0.5
0;-20;-18;3332;3;0.5
0;60;60;3335.5;3;0.5
0;-20;-20.5;3339;3;0.5
0;-20;-21.25;3342.5;3;0.5
0;-60;-60.5;3346;3;0.5
0;-60;-61.25;3349.5;3;0.5
0;-40;-39.5;3353;3;0.5
0;-20;-19;3356.5;3;0.5
0;80;82;3360;3;0.5
0;-100;-102.25;3363.5;3;0.5
0;-60;-58.75;3367;3;0.5
0;60;58.25;3370.5;3;0.5
0;-40;-38;3374;3;0.5
0;100;99.25;3377.5;3;0.5
0;-60;-59.25;3381;3;0.5
0;60;60.5;3384.5;3;0.5
0;60;59.75;3388;3;0.5
0;60;62.25;3391.5;3;0.5
0;20;17.75;3395;3;0.5
0;80;80;3398.5;3;0.5
0;20;19.75;3402;3;0.5
0;-40;-38.75;3405.5;3;0.5
0;-20;-19.75;3409;3;0.5
0;20;21.75;3412.5;3;0.5
0;80;77.75;3416;3;0.5
0;-40;-37.75;3419.5;3;0.5
0;-60;-61.75;3423;3;0.5
0;-60;-58;3426.5;3;0.5
0;-100;-100.5;3430;3;0.5
0;40;42.25;3433.5;3;0.5
0;100;100.5;3437;3;0.5
0;60;58.5;3440.5;3;0.5
0;80;82.25;3444;3;0.5
0;40;41.5;3447.5;3;0.5
0;60;58.5;3451;3;0.5
0;20;17.75;3454.5;3;0.5
0;100;101.5;3458;3;0.5
0;60;57.75;3461.5;3;0.5
0;-80;-80;3465;3;0.5
0;-60;-57.5;3468.5;3;0.5
0;60;62;3472;3;0.5
0;100;97.75;3475.5;3;0.5
0;40;40;3479;3;0.5
0;-80;-77.75;3482.5;3;0.5
0;-100;-98.25;3486;3;0.5
0;-80;-81.5;3489.5;3;0.5
0;60;58;3493;3;0.5
0;100;97.75;3496.5;3;0.5
0;-80;-78.5;3500;3;0.5
0;-100;-101.75;3503.5;3;0.5
0;-20;-21.75;3507;3;0.5
0;60;62.5;3510.5;3;0.5
0;40;40;3514;3;0.5
0;80;78.75;3517.5;3;0.5
0;40;42.25;3521;3;0.5
0;-60;-57.5;3524.5;3;0.5
0;-80;-80.75;3528;3;0.5
0;100;101.75;3531.5;3;0.5
0;-80;-82.25;3535;3;0.5
0;40;39;3538.5;3;0.5
0;-60;-62;3542;3;0.5
0;-40;-37.75;3545.5;3;0.5
0;100;101.25;3549;3;0.5
0;100;100;3552.5;3;0.5
0;-20;-20.75;3556;3;0.5
0;20;22.5;3559.5;3;0.5
0;-80;-81;3563;3;0.5
0;-100;-100.75;3566.5;3;0.5
0;-80;-77.75;3570;3;0.5
0;-40;-41.5;3573.5;3;0.5
0;-60;-62;3577;3;0.5
0;-20;-22;3580.5;3;0.5
0;-100;-98.75;3584;3;0.5
0;-80;-79;3587.5;3;0.5
0;-20;-19.5;3591;3;0.5
0;-80;-80;3594.5;3;0.5
0;100;97.5;3598;3;0.5
0;-60;-60.75;3601.5;3;0.5
0;60;61;3605;3;0.5
0;80;78;3608.5;3;0.5
0;60;59.75;3612;3;0.5
0;-80;-80.25;3615.5;3;0.5
0;20;21.25;3619;3;0.5
0;-100;-99.5;3622.5;3;0.5
0;-60;-57.5;3626;3;0.5
0;100;99.5;3629.5;3;0.5
0;40;41.5;3633;3;0.5
0;-80;-79.5;3636.5;3;0.5
0;-20;-21.5;3640;3;0.5
0;-60;-62.5;3643.5;3;0.5
0;60;61;3647;3;0.5
0;-80;-78.25;3650.5;3;0.5
0;20;20.5;3654;3;0.5
0;60;57.5;3657.5;3;0.5
0;100;100.25;3661;3;0.5
0;40;42.25;3664.5;3;0.5
0;-20;-17.5;3668;3;0.5
0;-20;-20.25;3671.5;3;0.5
0;40;38.5;3675;3;0.5
0;60;61;3678.5;3;0.5
0;80;80.75;3682;3;0.5
0;-80;-81;3685.5;3;0.5
0;-40;-42;3689;3;0.5
0;20;18.25;3692.5;3;0.5
0;40;38;3696;3;0.5
0;100;101.5;3699.5;3;0.5
0;100;101;3703;3;0.5
0;-100;-101;3706.5;3;0.5
0;-100;-101.75;3710;3;0.5
0;100;102;3713.5;3;0.5
0;60;60.25;3717;3;0.5
0;-40;-37.5;3720.5;3;0.5
0;-20;-20.75;3724;3;0.5
0;-60;-58;3727.5;3;0.5
0;-60;-57.75;3731;3;0.5
0;-40;-39.5;3734.5;3;0.5
0;-20;-18.25;3738;3;0.5
0;100;98.75;3741.5;3;0.5
0;-40;-37.5;3745;3;0.5
0;-40;-39.25;3748.5;3;0.5
0;-40;-40.75;3752;3;0.5
0;20;21;3755.5;3;0.5
0;-40;-40.75;3759;3;0.5
0;-100;-101.5;3762.5;3;0.5
0;60;57.5;3766;3;0.5
0;80;80.25;3769.5;3;0.5
0;-80;-78;3773;3;0.5
0;20;20.25;3776.5;3;0.5
0;-100;-98.5;3780;3;0.5
0;-20;-21;3783.5;3;0.5
0;80;78.25;3787;3;0.5
0;-100;-102;3790.5;3;0.5
0;100;101.75;3794;3;0.5
0;80;78;3797.5;3;0.5
0;100;98;3801;3;0.5
0;60;59.25;3804.5;3;0.5
0;40;39.25;3808;3;0.5
0;40;39.5;3811.5;3;0.5
0;80;81.75;3815;3;0.5
0;-60;-58.5;3818.5;3;0.5
0;-20;-19.5;3822;3;0.5
0;-80;-79;3825.5;3;0.5
0;20;20.75;3829;3;0.5
0;-80;-80.75;3832.5;3;0.5
0;-20;-20.5;3836;3;0.5
0;-80;-77.5;3839.5;3;0.5
0;80;82;3843;3;0.5
0;-40;-41.25;3846.5;3;0.5
0;20;18.75;3850;3;0.5
0;40;40.5;3853.5;3;0.5
0;-40;-40;3857;3;0.5
0;-60;-60;3860.5;3;0.5
0;-60;-60.25;3864;3;0.5
0;-40;-38.5;3867.5;3;0.5
0;100;102.25;3871;3;0.5
0;40;40.5;3874.5;3;0.5
0;100;99.25;3878;3;0.5
0;100;98.75;3881.5;3;0.5
0;80;80.25;3885;3;0.5
0;-60;-58.5;3888.5;3;0.5
0;-40;-40.75;3892;3;0.5
0;-40;-38.25;3895.5;3;0.5
0;100;97.75;3899;3;0.5
0;-40;-40.25;3902.5;3;0.5
0;-80;-82;3906;3;0.5
0;80;82.25;3909.5;3;0.5
0;60;62;3913;3;0.5
0;60;61;3916.5;3;0.5
0;-100;-101.5;3920;3;0.5
0;40;40.75;3923.5;3;0.5
0;20;22.5;3927;3;0.5
0;20;21.75;3930.5;3;0.5
0;-20;-20;3934;3;0.5
0;40;38.5;3937.5;3;0.5
0;60;59;3941;3;0.5
0;-40;-42;3944.5;3;0.5
0;80;78.5;3948;3;0.5
0;-20;-18.25;3951.5;3;0.5
0;20;22.5;3955;3;0.5
0;-60;-59.25;3958.5;3;0.5
0;-20;-21.75;3962;3;0.5
0;20;18;3965.5;3;0.5
0;60;60.25;3969;3;0.5
0;-80;-82.5;3972.5;3;0.5
0;-100;-100.5;3976;3;0.5
0;100;102.25;3979.5;3;0.5
0;-60;-57.75;3983;3;0.5
0;20;19;3986.5;3;0.5
0;100;99;3990;3;0.5
0;-20;-20;3993.5;3;0.5
0;-60;-57.5;3997;3;0.5
0;-20;-19.75;4000.5;3;0.5
0;-100;-99;4004;3;0.5
0;-40;-38.5;4007.5;3;0.5
0;-100;-98.5;4011;3;0.5
0;40;41.25;4014.5;3;0.5
0;100;101.25;4018;3;0.5
0;80;79;4021.5;3;0.5
0;60;61.25;4025;3;0.5
0;-40;-39;4028.5;3;0.5
0;-100;-100.5;4032;3;0.5
0;100;98;4035.5;3;0.5
0;-20;-19;4039;3;0.5
0;20;18;4042.5;3;0.5
0;-100;-99;4046;3;0.5
0;-60;-59.75;4049.5;3;0.5
0;40;39.75;4053;3;0.5
0;-80;-78.5;4056.5;3;0.5
0;40;42.25;4060;3;0.5
0;80;78.5;4063.5;3;0.5
0;-100;-98;4067;3;0.5
0;20;20.5;4070.5;3;0.5
0;-20;-22.25;4074;3;0.5
0;-20;-19.5;4077.5;3;0.5
0;-40;-41;4081;3;0.5
0;-80;-82.25;4084.5;3;0.5
0;-20;-19.5;4088;3;0.5
0;-80;-79.25;4091.5;3;0.5
0;20;18.25;4095;3;0.5
0;-20;-19.5;4098.5;3;0.5
0;100;98;4102;3;0.5
0;-60;-62.25;4105.5;3;0.5
0;20;20.25;4109;3;0.5
0;-20;-20;4112.5;3;0.5
0;-20;-20.75;4116;3;0.5
0;60;60;4119.5;3;0.5
0;-40;-41.75;4123;3;0.5
0;20;22.25;4126.5;3;0.5
0;80;79.25;4130;3;0.5
0;20;21.75;4133.5;3;0.5
0;-40;-38.25;4137;3;0.5
0;-20;-21.25;4140.5;3;0.5
0;20;17.75;4144;3;0.5
0;-100;-101.75;4147.5;3;0.5
0;-80;-77.75;4151;3;0.5
0;-100;-99.75;4154.5;3;0.5
0;60;62.5;4158;3;0.5
0;20;22;4161.5;3;0.5
0;-20;-21.75;4165;3;0.5
0;60;58.5;4168.5;3;0.5
0;-100;-102.25;4172;3;0.5
0;-100;-101.25;4175.5;3;0.5
0;80;79.75;4179;3;0.5
0;60;61.75;4182.5;3;0.5
0;-60;-59.75;4186;3;0.5
0;-100;-100;4189.5;3;0.5
0;-80;-79.5;4193;3;0.5
0;-40;-38.75;4196.5;3;0.5
0;-80;-78.25;4200;3;0.5
0;-60;-59.75;4203.5;3;0.5
0;-40;-40.5;4207;3;0.5
0;60;60.25;4210.5;3;0.5
0;-40;-40.75;4214;3;0.5
0;-20;-20.5;4217.5;3;0.5
0;100;97.75;4221;3;0.5
0;40;38.75;4224.5;3;0.5
0;-20;-20;4228;3;0.5
0;-20;-18.5;4231.5;3;0.5
0;-80;-80.5;4235;3;0.5
0;40;39.75;4238.5;3;0.5
0;100;101.75;4242;3;0.5
0;40;39.75;4245.5;3;0.5
0;-80;-79;4249;3;0.5
0;-100;-97.75;4252.5;3;0.5
0;100;100.75;4256;3;0.5
0;60;62.5;4259.5;3;0.5
0;80;79.5;4263;3;0.5
0;-100;-98.75;4266.5;3;0.5
0;-60;-60.5;4270;3;0.5
0;40;38.25;4273.5;3;0.5
0;-20;-21.5;4277;3;0.5
0;80;80.5;4280.5;3;0.5
0;20;20.25;4284;3;0.5
0;-80;-82.5;4287.5;3;0.5
0;-40;-42.25;4291;3;0.5
0;-100;-100;4294.5;3;0.5
0;20;19.25;4298;3;0.5
0;100;102;4301.5;3;0.5
0;60;60.25;4305;3;0.5
0;80;78.25;4308.5;3;0.5
0;-60;-61;4312;3;0.5
0;-80;-79.25;4315.5;3;0.5
0;-100;-98.25;4319;3;0.5
0;20;20.75;4322.5;3;0.5
0;40;41.75;4326;3;0.5
0;-100;-101;4329.5;3;0.5
0;-80;-81.5;4333;3;0.5
0;-100;-101.25;4336.5;3;0.5
0;40;39.5;4340;3;0.5
0;-20;-18.5;4343.5;3;0.5
0;100;99.5;4347;3;0.5
0;-100;-101.5;4350.5;3;0.5
0;100;101.5;4354;3;0.5
0;-20;-20;4357.5;3;0.5
0;80;80.75;4361;3;0.5
0;-60;-57.75;4364.5;3;0.5
0;-80;-77.75;4368;3;0.5
0;-60;-58.25;4371.5;3;0.5
0;60;62;4375;3;0.5
0;-100;-99.75;4378.5;3;0.5
0;-60;-57.75;4382;3;0.5
0;100;98.25;4385.5;3;0.5
0;80;79.5;4389;3;0.5
0;20;21;4392.5;3;0.5
0;20;18.25;4396;3;0.5
0;-100;-102;4399.5;3;0.5
0;-60;-60.75;4403;3;0.5
0;-40;-41.75;4406.5;3;0.5